{
  "accuracy": [
    0.5130694508552551,
    0.5945509076118469,
    0.6431105732917786,
    0.6876968741416931,
    0.7114232778549194,
    0.7216121554374695,
    0.7272598743438721,
    0.7314318418502808,
    0.7379593849182129,
    0.7431531548500061,
    0.7469277381896973,
    0.7526891231536865,
    0.7602099180221558,
    0.7626791596412659,
    0.7676173448562622,
    0.7713069915771484,
    0.7766425013542175,
    0.7767276763916016,
    0.7822051644325256,
    0.7863204479217529,
    0.7890733480453491,
    0.7946928143501282,
    0.7982971668243408,
    0.802781343460083,
    0.8074358105659485,
    0.8117780685424805,
    0.8185043334960938,
    0.8216263651847839,
    0.8261956572532654,
    0.8323825001716614,
    0.8383992910385132,
    0.8427698612213135,
    0.8495529890060425,
    0.8538100719451904,
    0.8594864010810852
  ],
  "loss": [
    1.9204453229904175,
    1.371657133102417,
    1.2095584869384766,
    1.0762203931808472,
    0.9948195219039917,
    0.9473393559455872,
    0.9167339205741882,
    0.8927903771400452,
    0.8695505857467651,
    0.8505855798721313,
    0.8353130221366882,
    0.8176639080047607,
    0.8017333149909973,
    0.7888005971908569,
    0.7745013236999512,
    0.7615631222724915,
    0.7451783418655396,
    0.7350782155990601,
    0.7207186818122864,
    0.7070439457893372,
    0.692542552947998,
    0.6774290800094604,
    0.6635886430740356,
    0.647517204284668,
    0.6331973075866699,
    0.6171264052391052,
    0.6005882024765015,
    0.5831331014633179,
    0.5665740370750427,
    0.5481923818588257,
    0.5327484011650085,
    0.5153275728225708,
    0.49869805574417114,
    0.48225799202919006,
    0.46539735794067383
  ],
  "val_accuracy": [
    0.5271764993667603,
    0.6127946376800537,
    0.6650633215904236,
    0.7022607326507568,
    0.7142857313156128,
    0.718294084072113,
    0.7206990122795105,
    0.727914035320282,
    0.7309604287147522,
    0.7357703447341919,
    0.7364117503166199,
    0.744909405708313,
    0.7444283366203308,
    0.7527657151222229,
    0.7540484070777893,
    0.7580567598342896,
    0.7625461220741272,
    0.7591790556907654,
    0.7663940787315369,
    0.7625461220741272,
    0.7649511098861694,
    0.7630270719528198,
    0.7678370475769043,
    0.7676767706871033,
    0.766875147819519,
    0.7726470828056335,
    0.7716851234436035,
    0.7704024314880371,
    0.7713643908500671,
    0.7720057368278503,
    0.7700817584991455,
    0.7710437178611755,
    0.7729676961898804,
    0.7708834409713745,
    0.7720057368278503
  ],
  "val_loss": [
    1.5031225681304932,
    1.2945154905319214,
    1.1554325819015503,
    1.051108717918396,
    0.9872742891311646,
    0.9520015716552734,
    0.929854691028595,
    0.9047372937202454,
    0.8894805908203125,
    0.8769140839576721,
    0.8642887473106384,
    0.8482358455657959,
    0.8413378596305847,
    0.830279529094696,
    0.8204295635223389,
    0.8114391565322876,
    0.8065317273139954,
    0.7998396754264832,
    0.7960426807403564,
    0.7963905334472656,
    0.7930670380592346,
    0.7914332747459412,
    0.7880520224571228,
    0.7881185412406921,
    0.7884159088134766,
    0.7877777218818665,
    0.7857746481895447,
    0.7892006635665894,
    0.7891603112220764,
    0.7964270710945129,
    0.7989733219146729,
    0.8073995113372803,
    0.8071434497833252,
    0.8171166181564331,
    0.8251096606254578
  ]
}